{"name":"InteractiveMessageIntent","identifier":"GAKACNWQLV","description":null,"parentIntentSignature":null,"sampleUtterances":[{"utterance":"help"},{"utterance":"help me"}],"intentConfirmationSetting":null,"intentClosingSetting":null,"inputContexts":null,"outputContexts":null,"kendraConfiguration":null,"dialogCodeHook":{"enabled":false},"fulfillmentCodeHook":{"fulfillmentUpdatesSpecification":null,"postFulfillmentStatusSpecification":null,"enabled":false},"slotPriorities":[{"priority":6,"slotName":"appointment"},{"priority":4,"slotName":"action"},{"priority":5,"slotName":"interactiveOption"},{"priority":1,"slotName":"department"}]}