{"name":"interactiveOption","identifier":"9SFWTBGCXX","description":null,"slotTypeName":"InteractiveOption","obfuscationSetting":{"obfuscationSettingType":"None"},"valueElicitationSetting":{"promptSpecification":{"messageGroupsList":[{"message":{"ssmlMessage":null,"customPayload":null,"plainTextMessage":{"value":"Which department would you like to choose?"},"imageResponseCard":null},"variations":null}],"maxRetries":1,"allowInterrupt":true},"slotConstraint":"Optional","defaultValueSpecification":null,"sampleUtterances":null,"waitAndContinueSpecification":null},"multipleValuesSetting":null}